Name,Age,Salary,Department
Alice,-1.0808442529177924,-1.224292184304829,1
Bob,-0.21616885058355848,-0.28252896560880664,2
Charlie,0.6485065517506754,0.6592342530872155,0
David,1.5131819540849092,1.6009974717832376,3
Eva,-1.5996494943183326,-1.4126448280440331,1
Frank,-0.38910393105040525,-0.37670528747840887,2
Grace,-0.043233770116711694,-0.09417632186960222,0
Helen,1.1673117931512158,1.1301158624352265,3
